web_Link,Production Name,Director,Composer/Lyricist,Playwright,Rights Holder,Preview Date,Opening Date,Closing Date,Scraped Date,Category,theatre
https://www.ibdb.com/broadway-production/aladdin-495244,Aladdin,Casey Nicholaw,Howard AshmanandTim Rice,Chad Beguelin,Disney Theatrical Productions (under the direction of Thomas Schumacher),"Feb 26, 2014","Mar 20, 2014",Present,2025-06-26,Creative Team and Performance Data,New Amsterdam Theatre
https://www.ibdb.com/broadway-production/mary-poppins-408494,Mary Poppins,Richard Eyre,Richard M. ShermanandRobert B. Sherman,Julian Fellowes,Disney Theatrical ProductionsandCameron Mackintosh,"Oct 14, 2006","Nov 16, 2006","Mar 03, 2013",2025-06-26,Creative Team and Performance Data,New Amsterdam Theatre
https://www.ibdb.com/broadway-production/the-lion-king-4761,The Lion King,Julie Taymor,Tim Rice,Roger AllersandIrene Mecchi,Disney Theatrical Productions,"Oct 15, 1997","Nov 13, 1997",Present,2025-06-26,Creative Team and Performance Data,New Amsterdam Theatre
https://www.ibdb.com/broadway-production/king-david-4728,King David,Mike Ockrent,Tim Rice,Tim Rice,"Disney Theatrical Productions,André DjaouiandRitza B. Barath","May 15, 1997","May 18, 1997","May 23, 1997",2025-06-26,Creative Team and Performance Data,New Amsterdam Theatre
https://www.ibdb.com/broadway-production/othello-12180,Othello,,,William Shakespeare,Max Gordon,"Jan 06, 1937","Jan 06, 1937",Jan 1937,2025-06-26,Creative Team and Performance Data,New Amsterdam Theatre
https://www.ibdb.com/broadway-production/forbidden-melody-12158,Forbidden Melody,,Otto Harbach,Otto Harbach,Jack KirklandandSam H. Grisman,"Nov 02, 1936","Nov 02, 1936","Nov 28, 1936",2025-06-26,Creative Team and Performance Data,New Amsterdam Theatre
https://www.ibdb.com/broadway-production/cyrano-de-bergerac-12121,Cyrano de Bergerac,,,Edmond Rostand,,"Apr 27, 1936","Apr 27, 1936",Jun 1936,2025-06-26,Creative Team and Performance Data,New Amsterdam Theatre
https://www.ibdb.com/broadway-production/george-whites-scandals-1936-12048,George White's Scandals [1936],George White,Jack Yellen,,George White,"Dec 25, 1935","Dec 25, 1935","Mar 28, 1936",2025-06-26,Creative Team and Performance Data,New Amsterdam Theatre
https://www.ibdb.com/broadway-production/revenge-with-music-9389,Revenge with Music,,Howard Dietz,Howard Dietz,Arch SelwynandHarold B. Franklin,"Nov 28, 1934","Nov 28, 1934","Apr 27, 1935",2025-06-26,Creative Team and Performance Data,New Amsterdam Theatre
https://www.ibdb.com/broadway-production/roberta-11791,Roberta,,Otto Harbach,Otto Harbach,Max Gordon,"Nov 18, 1933","Nov 18, 1933","Jul 21, 1934",2025-06-26,Creative Team and Performance Data,New Amsterdam Theatre
https://www.ibdb.com/broadway-production/murder-at-the-vanities-11753,Murder at the Vanities,,Edward Heyman,Earl CarrollandRufus King,Earl Carroll,"Sep 12, 1933","Sep 12, 1933","Mar 10, 1934",2025-06-26,Creative Team and Performance Data,New Amsterdam Theatre
https://www.ibdb.com/broadway-production/the-cherry-orchard-11735,The Cherry Orchard,,,Anton Chekhov,Eva Le Gallienne,"Mar 06, 1933","Mar 06, 1933",Apr 1933,2025-06-26,Creative Team and Performance Data,New Amsterdam Theatre
https://www.ibdb.com/broadway-production/cyrano-de-bergerac-11548,Cyrano de Bergerac,,,Edmond Rostand,Walter Hampden,"Dec 26, 1932","Dec 26, 1932",Jan 1933,2025-06-26,Creative Team and Performance Data,New Amsterdam Theatre
https://www.ibdb.com/broadway-production/the-dark-hours-11670,The Dark Hours,,,Don Marquis,Lodewick Vroom,"Nov 14, 1932","Nov 14, 1932",Nov 1932,2025-06-26,Creative Team and Performance Data,New Amsterdam Theatre
https://www.ibdb.com/broadway-production/face-the-music-11494,Face the Music,George S. Kaufman,Irving Berlin,Moss Hart,Sam H. Harris,"Feb 17, 1932","Feb 17, 1932","Jul 09, 1932",2025-06-26,Creative Team and Performance Data,New Amsterdam Theatre
https://www.ibdb.com/broadway-production/the-band-wagon-11380,The Band Wagon,,Howard Dietz,George S. KaufmanandHoward Dietz,Max Gordon,"Jun 03, 1931","Jun 03, 1931","Jan 16, 1932",2025-06-26,Creative Team and Performance Data,New Amsterdam Theatre
https://www.ibdb.com/broadway-production/the-admirable-crichton-11335,The Admirable Crichton,,,James M. Barrie,George C. Tyler,"Mar 09, 1931","Mar 09, 1931",Apr 1931,2025-06-26,Creative Team and Performance Data,New Amsterdam Theatre
https://www.ibdb.com/broadway-production/earl-carrolls-vanities-1930-11131,Earl Carroll's Vanities [1930],Priestly MorrisonandEarl Carroll,E.Y. HarburgandTed Keohler,,Earl Carroll,"Jul 01, 1930","Jul 01, 1930","Jan 03, 1931",2025-06-26,Creative Team and Performance Data,New Amsterdam Theatre
https://www.ibdb.com/broadway-production/ripples-11048,Ripples,,Irving CaesarandGraham John,William Anthony McGuire,Charles Dillingham,"Feb 11, 1930","Feb 11, 1930","Mar 29, 1930",2025-06-26,Creative Team and Performance Data,New Amsterdam Theatre
https://www.ibdb.com/broadway-production/sherlock-holmes-10986,Sherlock Holmes,,,Arthur Conan DoyleandWilliam Gillette,George C. TylerandA.L. Erlanger,"Nov 25, 1929","Nov 25, 1929",Jan 1930,2025-06-26,Creative Team and Performance Data,New Amsterdam Theatre
https://www.ibdb.com/broadway-production/whoopee-10796,Whoopee!,Seymour Felix,Gus Kahn,William Anthony McGuire,"Florenz Ziegfeld, Jr.","Dec 04, 1928","Dec 04, 1928","Nov 23, 1929",2025-06-26,Creative Team and Performance Data,New Amsterdam Theatre
https://www.ibdb.com/broadway-production/rosalie-10548,Rosalie,William Anthony McGuire,P. G. WodehouseandIra Gershwin,William Anthony McGuireandGuy Bolton,"Florenz Ziegfeld, Jr.","Jan 10, 1928","Jan 10, 1928","Oct 27, 1928",2025-06-26,Creative Team and Performance Data,New Amsterdam Theatre
https://www.ibdb.com/broadway-production/ziegfeld-follies-of-1927-10347,Ziegfeld Follies of 1927,"Sammy Lee,Zeke ColvanandFlorenz Ziegfeld, Jr.",Irving Berlin,Harold AtteridgeandEddie Cantor,"A.L. ErlangerandFlorenz Ziegfeld, Jr.","Aug 16, 1927","Aug 16, 1927","Jan 07, 1928",2025-06-26,Creative Team and Performance Data,New Amsterdam Theatre
https://www.ibdb.com/broadway-production/julius-caesar-10331,Julius Caesar,John Craig,,William Shakespeare,The Players Club,"Jun 06, 1927","Jun 06, 1927","Jun 11, 1927",2025-06-26,Creative Team and Performance Data,New Amsterdam Theatre
https://www.ibdb.com/broadway-production/lucky-10259,Lucky,,Otto Harbach,Otto Harbach,Charles Dillingham,"Mar 22, 1927","Mar 22, 1927","May 21, 1927",2025-06-26,Creative Team and Performance Data,New Amsterdam Theatre
https://www.ibdb.com/broadway-production/trelawny-of-the-wells-10222,"Trelawny of the ""Wells""",George C. Tyler,,Sir Arthur Wing Pinero,George C. Tyler,"Jan 31, 1927","Jan 31, 1927",Mar 1927,2025-06-26,Creative Team and Performance Data,New Amsterdam Theatre
https://www.ibdb.com/broadway-production/betsy-10189,Betsy,,Lorenz Hart,Irving CaesarandDavid Freedman,"Florenz Ziegfeld, Jr.","Dec 28, 1926","Dec 28, 1926","Jan 29, 1927",2025-06-26,Creative Team and Performance Data,New Amsterdam Theatre
https://www.ibdb.com/broadway-production/sunny-9907,Sunny,,Otto HarbachandOscar Hammerstein II,Otto HarbachandOscar Hammerstein II,Charles Dillingham,"Sep 22, 1925","Sep 22, 1925","Dec 11, 1926",2025-06-26,Creative Team and Performance Data,New Amsterdam Theatre
https://www.ibdb.com/broadway-production/ziegfeld-follies-of-1925-397335,Ziegfeld Follies of 1925,,Gene Buck,,"Florenz Ziegfeld, Jr.","Jul 06, 1925","Jul 06, 1925","Sep 19, 1925",2025-06-26,Creative Team and Performance Data,New Amsterdam Theatre
https://www.ibdb.com/broadway-production/ziegfeld-follies-of-1924-9541,Ziegfeld Follies of 1924,,Gene BuckandJoseph J. McCarthy,,"Florenz Ziegfeld, Jr.","Jun 24, 1924","Jun 24, 1924","Mar 07, 1925",2025-06-26,Creative Team and Performance Data,New Amsterdam Theatre
https://www.ibdb.com/broadway-production/plain-jane-9522,Plain Jane,,Phil Cook,McElbert MooreandPhil Cook,"Louis I. Isquith,Waller MooreandWalter Brooks","May 12, 1924","May 12, 1924","Oct 04, 1924",2025-06-26,Creative Team and Performance Data,New Amsterdam Theatre
https://www.ibdb.com/broadway-production/ziegfeld-follies-of-1923-9302,Ziegfeld Follies of 1923,,Gene Buck,,"Florenz Ziegfeld, Jr.","Oct 20, 1923","Oct 20, 1923","May 10, 1924",2025-06-26,Creative Team and Performance Data,New Amsterdam Theatre
https://www.ibdb.com/broadway-production/sally-13585,Sally,,Clifford Grey,Guy Bolton,"Florenz Ziegfeld, Jr.","Sep 17, 1923","Sep 17, 1923","Oct 06, 1923",2025-06-26,Creative Team and Performance Data,New Amsterdam Theatre
https://www.ibdb.com/broadway-production/ziegfeld-follies-of-1923-summer-edition-452545,Ziegfeld Follies of 1923 [Summer Edition],,Gene Buck,,"Florenz Ziegfeld, Jr.","Jun 25, 1923","Jun 25, 1923","Sep 15, 1923",2025-06-26,Creative Team and Performance Data,New Amsterdam Theatre
https://www.ibdb.com/broadway-production/ziegfeld-follies-of-1922-12815,Ziegfeld Follies of 1922,,"Ring Lardner,Gene BuckandRalph Spence","Ring Lardner,Gene BuckandRalph Spence","Florenz Ziegfeld, Jr.","Jun 05, 1922","Jun 05, 1922","Jun 23, 1923",2025-06-26,Creative Team and Performance Data,New Amsterdam Theatre
https://www.ibdb.com/broadway-production/sally-9011,Sally,,Clifford Grey,Guy Bolton,"Florenz Ziegfeld, Jr.","Dec 21, 1920","Dec 21, 1920","Apr 22, 1922",2025-06-26,Creative Team and Performance Data,New Amsterdam Theatre
https://www.ibdb.com/broadway-production/hitchy-koo-1920-8334,Hitchy-Koo [1920],,Glen MacDonoughandAnne Caldwell,Glen MacDonough,Raymond Hitchcock,"Oct 19, 1920","Oct 19, 1920","Dec 18, 1920",2025-06-26,Creative Team and Performance Data,New Amsterdam Theatre
https://www.ibdb.com/broadway-production/ziegfeld-follies-of-1920-8886,Ziegfeld Follies of 1920,,"Irving Berlin,Dave Stamper,Gene Buck,Joseph J. McCarthy,Harry TierneyandVictor Herbert",,"Florenz Ziegfeld, Jr.","Jun 22, 1920","Jun 22, 1920","Oct 16, 1920",2025-06-26,Creative Team and Performance Data,New Amsterdam Theatre
https://www.ibdb.com/broadway-production/ed-wynns-carnival-6793,Ed Wynn's Carnival,Ned Wayburn,Ed Wynn,Ed Wynn,B. C. Whitney,"Apr 05, 1920","Apr 05, 1920","Aug 14, 1920",2025-06-26,Creative Team and Performance Data,New Amsterdam Theatre
https://www.ibdb.com/broadway-production/monsieur-beaucaire-6740,Monsieur Beaucaire,,Adrian Ross,,Gilbert Miller,"Dec 11, 1919","Dec 11, 1919","Apr 03, 1920",2025-06-26,Creative Team and Performance Data,New Amsterdam Theatre
https://www.ibdb.com/broadway-production/ziegfeld-follies-of-1919-394721,Ziegfeld Follies of 1919,,Stephen Jones(for Buck and Stamper songs),,"Florenz Ziegfeld, Jr.","Jun 16, 1919","Jun 16, 1919","Dec 06, 1919",2025-06-26,Creative Team and Performance Data,New Amsterdam Theatre
https://www.ibdb.com/broadway-production/the-velvet-lady-8831,The Velvet Lady,,Henry Blossom,Fred Jackson,Klaw & Erlanger,"Feb 03, 1919","Feb 03, 1919",Jun 1919,2025-06-26,Creative Team and Performance Data,New Amsterdam Theatre
https://www.ibdb.com/broadway-production/the-girl-behind-the-gun-8749,The Girl Behind the Gun,Edgar MacGregor,Guy BoltonandP. G. Wodehouse,Guy BoltonandP. G. Wodehouse,Klaw & Erlanger,"Sep 16, 1918","Sep 16, 1918","Feb 01, 1919",2025-06-26,Creative Team and Performance Data,New Amsterdam Theatre
https://www.ibdb.com/broadway-production/ziegfeld-follies-of-1918-8313,Ziegfeld Follies of 1918,,Rennold WolfandGene Buck,Rennold WolfandGene Buck,"Florenz Ziegfeld, Jr.","Jun 18, 1918","Jun 18, 1918",Closing date unknown,2025-06-26,Creative Team and Performance Data,New Amsterdam Theatre
https://www.ibdb.com/broadway-production/the-rainbow-girl-8696,The Rainbow Girl,Julian MitchellandHerbert Gresham,Rennold Wolf,Rennold Wolf,Klaw & Erlanger,"Apr 01, 1918","Apr 01, 1918","Aug 17, 1918",2025-06-26,Creative Team and Performance Data,New Amsterdam Theatre
https://www.ibdb.com/broadway-production/the-cohan-revue-of-1918-8648,The Cohan Revue of 1918,,George M. CohanandIrving Berlin,George M. Cohan,Cohan & Harris,"Dec 31, 1917","Dec 31, 1917","Mar 23, 1918",2025-06-26,Creative Team and Performance Data,New Amsterdam Theatre
https://www.ibdb.com/broadway-production/the-riviera-girl-8578,The Riviera Girl,Herbert Gresham,P. G. Wodehouse,Guy BoltonandP. G. Wodehouse,Klaw & Erlanger,"Sep 24, 1917","Sep 24, 1917","Dec 15, 1917",2025-06-26,Creative Team and Performance Data,New Amsterdam Theatre
https://www.ibdb.com/broadway-production/ziegfeld-follies-of-1917-8558,Ziegfeld Follies of 1917,,Gene BuckandGeorge V. Hobart,Gene BuckandGeorge V. Hobart,"Florenz Ziegfeld, Jr.","Jun 12, 1917","Jun 12, 1917","Sep 04, 1917",2025-06-26,Creative Team and Performance Data,New Amsterdam Theatre
https://www.ibdb.com/broadway-production/when-johnny-comes-marching-home-8551,When Johnny Comes Marching Home,,Stanislaus Stange,Stanislaus Stange,F. C. Whitney,"May 07, 1917","May 07, 1917","Jun 16, 1917",2025-06-26,Creative Team and Performance Data,New Amsterdam Theatre
https://www.ibdb.com/broadway-production/colonel-newcome-8533,Colonel Newcome,,,Michael Morton,,"Apr 10, 1917","Apr 10, 1917",May 1917,2025-06-26,Creative Team and Performance Data,New Amsterdam Theatre
https://www.ibdb.com/broadway-production/miss-springtime-8446,Miss Springtime,,P. G. WodehouseandHerbert Reynolds,Guy Bolton,Klaw & Erlanger,"Sep 25, 1916","Sep 25, 1916","Apr 07, 1917",2025-06-26,Creative Team and Performance Data,New Amsterdam Theatre
https://www.ibdb.com/broadway-production/ziegfeld-follies-of-1916-6469,Ziegfeld Follies of 1916,,George V. HobartandGene Buck,George V. HobartandGene Buck,"Florenz Ziegfeld, Jr.","Jun 12, 1916","Jun 12, 1916","Sep 16, 1916",2025-06-26,Creative Team and Performance Data,New Amsterdam Theatre
https://www.ibdb.com/broadway-production/the-merry-wives-of-windsor-6465,The Merry Wives of Windsor,,,William Shakespeare,,"May 25, 1916","May 25, 1916",Jun 1916,2025-06-26,Creative Team and Performance Data,New Amsterdam Theatre
https://www.ibdb.com/broadway-production/the-merchant-of-venice-6461,The Merchant of Venice,,,William Shakespeare,,"May 08, 1916","May 08, 1916",May 1916,2025-06-26,Creative Team and Performance Data,New Amsterdam Theatre
https://www.ibdb.com/broadway-production/king-henry-viii-8280,King Henry VIII,,,William Shakespeare,,"Mar 14, 1916","Mar 14, 1916",May 1916,2025-06-26,Creative Team and Performance Data,New Amsterdam Theatre
https://www.ibdb.com/broadway-production/margaret-schiller-8265,Margaret Schiller,,,Hall Caine,"Charles Frohman, Inc.andKlaw & Erlanger","Jan 31, 1916","Jan 31, 1916",Closing date unknown,2025-06-26,Creative Team and Performance Data,New Amsterdam Theatre
https://www.ibdb.com/broadway-production/around-the-map-8229,Around the Map,,C.M.S. McLellan,C.M.S. McLellan,Klaw & Erlanger,"Nov 01, 1915","Nov 01, 1915","Jan 29, 1916",2025-06-26,Creative Team and Performance Data,New Amsterdam Theatre
https://www.ibdb.com/broadway-production/moloch-8197,Moloch,,,Beulah Marie Dix,Klaw & Erlanger,"Sep 20, 1915","Sep 20, 1915",Oct 1915,2025-06-26,Creative Team and Performance Data,New Amsterdam Theatre
https://www.ibdb.com/broadway-production/ziegfeld-follies-of-1915-7045,Ziegfeld Follies of 1915,Julian MitchellandLeon Errol,"Rennold Wolf,Channing PollockandGene Buck","Channing Pollock,Rennold WolfandGene Buck","Florenz Ziegfeld, Jr.","Jun 21, 1915","Jun 21, 1915","Sep 18, 1915",2025-06-26,Creative Team and Performance Data,New Amsterdam Theatre
https://www.ibdb.com/broadway-production/watch-your-step-12935,Watch Your Step,,Irving Berlin,Harry B. Smith,Charles Dillingham,"Dec 08, 1914","Dec 08, 1914","May 08, 1915",2025-06-26,Creative Team and Performance Data,New Amsterdam Theatre
https://www.ibdb.com/broadway-production/yosemite-8096,Yosemite,Ralph E. Cummings,,Charles A. Taylor,,"Nov 23, 1914","Nov 23, 1914",Dec 1914,2025-06-26,Creative Team and Performance Data,New Amsterdam Theatre
https://www.ibdb.com/broadway-production/papas-darling-8083,Papa's Darling,,Harry B. Smith,Harry B. Smith,Klaw & Erlanger,"Nov 02, 1914","Nov 02, 1914",Jan 1915,2025-06-26,Creative Team and Performance Data,New Amsterdam Theatre
https://www.ibdb.com/broadway-production/the-dragons-claw-8034,The Dragon's Claw,,,Austin Strong,Klaw & Erlanger,"Sep 14, 1914","Sep 14, 1914",Sep 1914,2025-06-26,Creative Team and Performance Data,New Amsterdam Theatre
https://www.ibdb.com/broadway-production/ziegfeld-follies-of-1914-8007,Ziegfeld Follies of 1914,"Florenz Ziegfeld, Jr.andLeon Errol",George V. HobartandGene Buck,George V. Hobart,"Florenz Ziegfeld, Jr.","Jun 01, 1914","Jun 01, 1914","Sep 05, 1914",2025-06-26,Creative Team and Performance Data,New Amsterdam Theatre
https://www.ibdb.com/broadway-production/sari-7028,Sari,George Marion,Catherine Chisholm CushingandE.P. Heath,Catherine Chisholm CushingandE.P. Heath,Henry W. Savage,"Jan 13, 1914","Jan 13, 1914","May 23, 1914",2025-06-26,Creative Team and Performance Data,New Amsterdam Theatre
https://www.ibdb.com/broadway-production/maids-of-athens-7982,Maids of Athens,,Franz Lehár,,Henry W. Savage,"Mar 18, 1914","Mar 18, 1914","Apr 04, 1914",2025-06-26,Creative Team and Performance Data,New Amsterdam Theatre
https://www.ibdb.com/broadway-production/the-little-cafe-7732,The Little Cafe,Herbert Gresham,C.M.S. McLellan,C.M.S. McLellan,Klaw & Erlanger,"Nov 10, 1913","Nov 10, 1913","Mar 14, 1914",2025-06-26,Creative Team and Performance Data,New Amsterdam Theatre
https://www.ibdb.com/broadway-production/sweethearts-7664,Sweethearts,,Robert B. Smith,Harry B. SmithandFred De Gresac,Louis F. WerbaandMark A. Luescher,"Sep 08, 1913","Sep 08, 1913","Jan 03, 1914",2025-06-26,Creative Team and Performance Data,New Amsterdam Theatre
https://www.ibdb.com/broadway-production/ziegfeld-follies-of-1913-6903,Ziegfeld Follies of 1913,,Raymond Hubbell,George V. Hobart,"Florenz Ziegfeld, Jr.","Jun 16, 1913","Jun 16, 1913","Sep 06, 1913",2025-06-26,Creative Team and Performance Data,New Amsterdam Theatre
https://www.ibdb.com/broadway-production/my-little-friend-6900,My Little Friend,,Robert B. Smith,,Whitney Opera Co.,"May 19, 1913","May 19, 1913","Jun 07, 1913",2025-06-26,Creative Team and Performance Data,New Amsterdam Theatre
https://www.ibdb.com/broadway-production/oh-oh-delphine-5128,Oh! Oh! Delphine,,C.M.S. McLellan,C.M.S. McLellan,Klaw & Erlanger,"Sep 30, 1912","Sep 30, 1912","May 02, 1913",2025-06-26,Creative Team and Performance Data,New Amsterdam Theatre
https://www.ibdb.com/broadway-production/the-spring-maid-7260,The Spring Maid,,Harry B. SmithandRobert B. Smith,Harry B. SmithandRobert B. Smith,Louis F. WerbaandMark A. Luescher,"Dec 26, 1910","Dec 26, 1910","Feb 01, 1913",2025-06-26,Creative Team and Performance Data,New Amsterdam Theatre
https://www.ibdb.com/broadway-production/eva-7555,Eva,,Glen MacDonough,Glen MacDonough,Klaw & Erlanger,"Dec 30, 1912","Dec 30, 1912","Jan 18, 1913",2025-06-26,Creative Team and Performance Data,New Amsterdam Theatre
https://www.ibdb.com/broadway-production/the-count-of-luxembourg-7016,The Count of Luxembourg,,Adrian RossandBasil Hood,,Klaw & Erlanger,"Sep 16, 1912","Sep 16, 1912","Dec 28, 1912",2025-06-26,Creative Team and Performance Data,New Amsterdam Theatre
https://www.ibdb.com/broadway-production/the-pink-lady-417070,The Pink Lady,,C.M.S. McLellan,C.M.S. McLellan,Klaw & Erlanger,"Aug 26, 1912","Aug 26, 1912","Sep 14, 1912",2025-06-26,Creative Team and Performance Data,New Amsterdam Theatre
https://www.ibdb.com/broadway-production/robin-hood-7481,Robin Hood,,Reginald De Koven,Harry B. Smith,Daniel V. Arthur,"May 06, 1912","May 06, 1912","Sep 28, 1912",2025-06-26,Creative Team and Performance Data,New Amsterdam Theatre
https://www.ibdb.com/broadway-production/the-man-from-cooks-7468,The Man from Cook's,,Henry Blossom,Henry Blossom,Klaw & Erlanger,"Mar 25, 1912","Mar 25, 1912","Apr 20, 1912",2025-06-26,Creative Team and Performance Data,New Amsterdam Theatre
https://www.ibdb.com/broadway-production/oliver-twist-7447,Oliver Twist,,,J. Comyns Carr,Liebler & Co.,"Feb 26, 1912","Feb 26, 1912",May 1912,2025-06-26,Creative Team and Performance Data,New Amsterdam Theatre
https://www.ibdb.com/broadway-production/the-trail-of-the-lonesome-pine-7434,The Trail of the Lonesome Pine,,,Eugene Walter,Klaw & Erlanger,"Jan 29, 1912","Jan 29, 1912",Feb 1912,2025-06-26,Creative Team and Performance Data,New Amsterdam Theatre
https://www.ibdb.com/broadway-production/ben-hur-6436,Ben Hur,,,Lew Wallace,Klaw & Erlanger,"Dec 23, 1911","Dec 23, 1911",Jan 1912,2025-06-26,Creative Team and Performance Data,New Amsterdam Theatre
https://www.ibdb.com/broadway-production/the-pink-lady-7284,The Pink Lady,,C.M.S. McLellan,C.M.S. McLellan,Klaw & Erlanger,"Mar 13, 1911","Mar 13, 1911","Dec 09, 1911",2025-06-26,Creative Team and Performance Data,New Amsterdam Theatre
https://www.ibdb.com/broadway-production/madame-sherry-7169,Madame Sherry,,Otto Hauerbach,Otto Hauerbach,"Mr. Woods,H. H. FrazeeandGeorge W. Lederer","Aug 30, 1910","Aug 30, 1910","Mar 11, 1911",2025-06-26,Creative Team and Performance Data,New Amsterdam Theatre
https://www.ibdb.com/broadway-production/girlies-4961,Girlies,,Harry Williams,George V. Hobart,Frederic Thompson,"Jun 13, 1910","Jun 13, 1910","Aug 27, 1910",2025-06-26,Creative Team and Performance Data,New Amsterdam Theatre
https://www.ibdb.com/broadway-production/madame-x-7115,Madame X,George Marion,,Alexandre Bisson,Henry W. Savage,"Feb 02, 1910","Feb 02, 1910","May 21, 1910",2025-06-26,Creative Team and Performance Data,New Amsterdam Theatre
https://www.ibdb.com/broadway-production/the-barrier-6899,The Barrier,,,Eugene W. Presbrey,Klaw & Erlanger,"Jan 10, 1910","Jan 10, 1910",Jan 1910,2025-06-26,Creative Team and Performance Data,New Amsterdam Theatre
https://www.ibdb.com/broadway-production/the-silver-star-6862,The Silver Star,,Harry B. Smith,Harry B. Smith,Klaw & Erlanger,"Nov 01, 1909","Nov 01, 1909",Feb 1910,2025-06-26,Creative Team and Performance Data,New Amsterdam Theatre
https://www.ibdb.com/broadway-production/the-love-cure-6828,The Love Cure,,Oliver Herford,Oliver Herford,Henry W. Savage,"Sep 01, 1909","Sep 01, 1909",Jan 1910,2025-06-26,Creative Team and Performance Data,New Amsterdam Theatre
https://www.ibdb.com/broadway-production/the-mascot-6648,The Mascot,,Edmond Audran,,Klaw & Erlanger,"Apr 12, 1909","Apr 12, 1909","May 08, 1909",2025-06-26,Creative Team and Performance Data,New Amsterdam Theatre
https://www.ibdb.com/broadway-production/romeo-and-juliet-4924,Romeo and Juliet,,,William Shakespeare,William A. Brady,"Mar 08, 1909","Mar 08, 1909",Closing date unknown,2025-06-26,Creative Team and Performance Data,New Amsterdam Theatre
https://www.ibdb.com/broadway-production/king-lear-4925,King Lear,,,William Shakespeare,William A. Brady,"Mar 08, 1909","Mar 08, 1909",Closing date unknown,2025-06-26,Creative Team and Performance Data,New Amsterdam Theatre
https://www.ibdb.com/broadway-production/king-richard-iii-4926,King Richard III,,,William Shakespeare,William A. Brady,"Mar 08, 1909","Mar 08, 1909",Closing date unknown,2025-06-26,Creative Team and Performance Data,New Amsterdam Theatre
https://www.ibdb.com/broadway-production/richelieu-5995,Richelieu,,,Sir Edward Bulwer-Lytton,William A. Brady,"Mar 08, 1909","Mar 08, 1909",Closing date unknown,2025-06-26,Creative Team and Performance Data,New Amsterdam Theatre
https://www.ibdb.com/broadway-production/louis-xi-5996,Louis XI,,,H. R. Maxwell,William A. Brady,"Mar 08, 1909","Mar 08, 1909",Closing date unknown,2025-06-26,Creative Team and Performance Data,New Amsterdam Theatre
https://www.ibdb.com/broadway-production/king-john-5997,King John,,,William Shakespeare,William A. Brady,"Mar 08, 1909","Mar 08, 1909",Closing date unknown,2025-06-26,Creative Team and Performance Data,New Amsterdam Theatre
https://www.ibdb.com/broadway-production/macbeth-5998,Macbeth,,,William Shakespeare,William A. Brady,"Mar 08, 1909","Mar 08, 1909",Closing date unknown,2025-06-26,Creative Team and Performance Data,New Amsterdam Theatre
https://www.ibdb.com/broadway-production/hamlet-5999,Hamlet,,,William Shakespeare,William A. Brady,"Mar 08, 1909","Mar 08, 1909",Closing date unknown,2025-06-26,Creative Team and Performance Data,New Amsterdam Theatre
https://www.ibdb.com/broadway-production/the-merchant-of-venice-6000,The Merchant of Venice,,,William Shakespeare,William A. Brady,"Mar 08, 1909","Mar 08, 1909",Closing date unknown,2025-06-26,Creative Team and Performance Data,New Amsterdam Theatre
https://www.ibdb.com/broadway-production/othello-6001,Othello,,,William Shakespeare,William A. Brady,"Mar 08, 1909","Mar 08, 1909",Closing date unknown,2025-06-26,Creative Team and Performance Data,New Amsterdam Theatre
https://www.ibdb.com/broadway-production/kitty-grey-5100,Kitty Grey,,,,,"Jan 25, 1909","Jan 25, 1909","Mar 06, 1909",2025-06-26,Creative Team and Performance Data,New Amsterdam Theatre
https://www.ibdb.com/broadway-production/little-nemo-6601,Little Nemo,,Harry B. Smith,Harry B. Smith,Klaw & Erlanger,"Oct 20, 1908","Oct 20, 1908","Jan 23, 1909",2025-06-26,Creative Team and Performance Data,New Amsterdam Theatre
https://www.ibdb.com/broadway-production/the-merry-widow-6408,The Merry Widow,,Franz Lehár,Victor LeonandLeo Stein,Henry W. Savage,"Oct 21, 1907","Oct 21, 1907","Oct 17, 1908",2025-06-26,Creative Team and Performance Data,New Amsterdam Theatre
https://www.ibdb.com/broadway-production/the-merry-widow-6408,The Merry Widow,,,,,,,,2025-06-26,Creative Team and Performance Data,New Amsterdam Theatre
https://www.ibdb.com/broadway-production/the-round-up-6361,The Round Up,"Joseph Brooks,Herbert GreshamandLawrence Marston",,Edmund Day,Klaw & Erlanger,"Aug 26, 1907","Aug 26, 1907","Dec 30, 1907",2025-06-26,Creative Team and Performance Data,New Amsterdam Theatre
https://www.ibdb.com/broadway-production/richelieu-5988,Richelieu,,,Sir Edward Bulwer-Lytton,William A. Brady,"Apr 29, 1907","Apr 29, 1907",Closing date unknown,2025-06-26,Creative Team and Performance Data,New Amsterdam Theatre
https://www.ibdb.com/broadway-production/julius-caesar-5989,Julius Caesar,,,William Shakespeare,William A. Brady,"Apr 29, 1907","Apr 29, 1907",Closing date unknown,2025-06-26,Creative Team and Performance Data,New Amsterdam Theatre
https://www.ibdb.com/broadway-production/the-merchant-of-venice-5990,The Merchant of Venice,,,William Shakespeare,William A. Brady,"Apr 29, 1907","Apr 29, 1907",Closing date unknown,2025-06-26,Creative Team and Performance Data,New Amsterdam Theatre
https://www.ibdb.com/broadway-production/king-richard-iii-5991,King Richard III,,,William Shakespeare,William A. Brady,"Apr 29, 1907","Apr 29, 1907",Closing date unknown,2025-06-26,Creative Team and Performance Data,New Amsterdam Theatre
https://www.ibdb.com/broadway-production/macbeth-5992,Macbeth,,,William Shakespeare,William A. Brady,"Apr 29, 1907","Apr 29, 1907",Closing date unknown,2025-06-26,Creative Team and Performance Data,New Amsterdam Theatre
https://www.ibdb.com/broadway-production/king-lear-5993,King Lear,,,William Shakespeare,William A. Brady,"Apr 29, 1907","Apr 29, 1907",Closing date unknown,2025-06-26,Creative Team and Performance Data,New Amsterdam Theatre
https://www.ibdb.com/broadway-production/othello-5994,Othello,,,William Shakespeare,William A. Brady,"Apr 29, 1907","Apr 29, 1907",Closing date unknown,2025-06-26,Creative Team and Performance Data,New Amsterdam Theatre
https://www.ibdb.com/broadway-production/the-grand-mogul-4908,The Grand Mogul,Herbert Gresham,Frank S. Pixley,Frank S. Pixley,Klaw & Erlanger,"Mar 25, 1907","Mar 25, 1907","Apr 27, 1907",2025-06-26,Creative Team and Performance Data,New Amsterdam Theatre
https://www.ibdb.com/broadway-production/the-scarlet-letter-6062,The Scarlet Letter,,,Joseph Hatton,Richard Mansfield Repertory,"Mar 18, 1907","Mar 18, 1907",Closing date unknown,2025-06-26,Creative Team and Performance Data,New Amsterdam Theatre
https://www.ibdb.com/broadway-production/beau-brummell-6063,Beau Brummell,,,Clyde Fitch,Richard Mansfield Repertory,"Mar 18, 1907","Mar 18, 1907",Closing date unknown,2025-06-26,Creative Team and Performance Data,New Amsterdam Theatre
https://www.ibdb.com/broadway-production/dr-jekyll-and-mr-hyde-6065,Dr. Jekyll and Mr. Hyde,,,T. R. Sullivan,Richard Mansfield Repertory,"Mar 18, 1907","Mar 18, 1907",Closing date unknown,2025-06-26,Creative Team and Performance Data,New Amsterdam Theatre
https://www.ibdb.com/broadway-production/a-parisian-romance-6066,A Parisian Romance,,,Octave Feuillet,Richard Mansfield Repertory,"Mar 18, 1907","Mar 18, 1907",Closing date unknown,2025-06-26,Creative Team and Performance Data,New Amsterdam Theatre
https://www.ibdb.com/broadway-production/peer-gynt-6061,Peer Gynt,,,Henrik Ibsen,Richard Mansfield Repertory,"Feb 25, 1907","Feb 25, 1907","Mar 23, 1907",2025-06-26,Creative Team and Performance Data,New Amsterdam Theatre
https://www.ibdb.com/broadway-production/brewsters-millions-6304,Brewster's Millions,Frederic ThompsonandWinchell Smith,,Winchell SmithandByron Ongley,Thompson and Dundy,"Dec 31, 1906","Dec 31, 1906","Jun 15, 1907",2025-06-26,Creative Team and Performance Data,New Amsterdam Theatre
https://www.ibdb.com/broadway-production/the-spring-chicken-6263,The Spring Chicken,,Adrian RossandPercy Greenbank,"George Grossmith, Jr.",Richard Carle,"Oct 08, 1906","Oct 08, 1906","Apr 20, 1907",2025-06-26,Creative Team and Performance Data,New Amsterdam Theatre
https://www.ibdb.com/broadway-production/caesar-and-cleopatra-6278,Caesar and Cleopatra,,,George Bernard Shaw,Klaw & Erlanger,"Oct 30, 1906","Oct 30, 1906",Dec 1906,2025-06-26,Creative Team and Performance Data,New Amsterdam Theatre
https://www.ibdb.com/broadway-production/paolo-and-francesca-6247,Paolo and Francesca,,,Stephen Phillips,Sam NixonandJ. Fred Zimmerman,"Oct 01, 1906","Oct 01, 1906",Closing date unknown,2025-06-26,Creative Team and Performance Data,New Amsterdam Theatre
https://www.ibdb.com/broadway-production/king-renes-daughter-6248,King Rene's Daughter,,,Hon. Edmund Phipps,Sam NixonandJ. Fred Zimmerman,"Oct 01, 1906","Oct 01, 1906",Closing date unknown,2025-06-26,Creative Team and Performance Data,New Amsterdam Theatre
https://www.ibdb.com/broadway-production/the-lyons-mail-6249,The Lyons Mail,,,Charles Reade,Sam NixonandJ. Fred Zimmerman,"Oct 01, 1906","Oct 01, 1906",Closing date unknown,2025-06-26,Creative Team and Performance Data,New Amsterdam Theatre
https://www.ibdb.com/broadway-production/charles-i-6250,Charles I,,,W. G. Wills,Sam NixonandJ. Fred Zimmerman,"Oct 01, 1906","Oct 01, 1906",Closing date unknown,2025-06-26,Creative Team and Performance Data,New Amsterdam Theatre
https://www.ibdb.com/broadway-production/markheim-6251,Markheim,,,W.L. Courtney,Sam NixonandJ. Fred Zimmerman,"Oct 01, 1906","Oct 01, 1906",Closing date unknown,2025-06-26,Creative Team and Performance Data,New Amsterdam Theatre
https://www.ibdb.com/broadway-production/mauricette-6252,Mauricette,,,H. B. Irving,Sam NixonandJ. Fred Zimmerman,"Oct 01, 1906","Oct 01, 1906",Closing date unknown,2025-06-26,Creative Team and Performance Data,New Amsterdam Theatre
https://www.ibdb.com/broadway-production/the-man-from-now-6238,The Man from Now,,John Kendrick BangsandVincent Bryan,John Kendrick BangsandVincent Bryan,Henry W. Savage,"Sep 03, 1906","Sep 03, 1906","Sep 29, 1906",2025-06-26,Creative Team and Performance Data,New Amsterdam Theatre
https://www.ibdb.com/broadway-production/the-free-lance-6197,The Free Lance,,Harry B. Smith,Harry B. Smith,Klaw & Erlanger,"Apr 16, 1906","Apr 16, 1906",Jan 1907,2025-06-26,Creative Team and Performance Data,New Amsterdam Theatre
https://www.ibdb.com/broadway-production/beau-brummell-6053,Beau Brummell,,,Clyde Fitch,Richard Mansfield Repertory,"Mar 19, 1906","Mar 19, 1906","Apr 07, 1906",2025-06-26,Creative Team and Performance Data,New Amsterdam Theatre
https://www.ibdb.com/broadway-production/king-richard-iii-6054,King Richard III,,,William Shakespeare,Richard Mansfield Repertory,"Mar 19, 1906","Mar 19, 1906","Apr 07, 1906",2025-06-26,Creative Team and Performance Data,New Amsterdam Theatre
https://www.ibdb.com/broadway-production/ivan-the-terrible-6055,Ivan the Terrible,,,Aleksei Tolstoy,Richard Mansfield Repertory,"Mar 19, 1906","Mar 19, 1906","Apr 07, 1906",2025-06-26,Creative Team and Performance Data,New Amsterdam Theatre
https://www.ibdb.com/broadway-production/dr-jekyll-and-mr-hyde-6056,Dr. Jekyll and Mr. Hyde,,,T. R. Sullivan,Richard Mansfield Repertory,"Mar 19, 1906","Mar 19, 1906","Apr 07, 1906",2025-06-26,Creative Team and Performance Data,New Amsterdam Theatre
https://www.ibdb.com/broadway-production/the-merchant-of-venice-6057,The Merchant of Venice,,,William Shakespeare,Richard Mansfield Repertory,"Mar 19, 1906","Mar 19, 1906","Apr 07, 1906",2025-06-26,Creative Team and Performance Data,New Amsterdam Theatre
https://www.ibdb.com/broadway-production/a-parisian-romance-6058,A Parisian Romance,,,Octave Feuillet,Richard Mansfield Repertory,"Mar 19, 1906","Mar 19, 1906","Apr 07, 1906",2025-06-26,Creative Team and Performance Data,New Amsterdam Theatre
https://www.ibdb.com/broadway-production/don-carlos-6059,Don Carlos,,,Friedrich Schiller,Richard Mansfield Repertory,"Mar 19, 1906","Mar 19, 1906","Apr 07, 1906",2025-06-26,Creative Team and Performance Data,New Amsterdam Theatre
https://www.ibdb.com/broadway-production/the-scarlet-letter-6060,The Scarlet Letter,,,Joseph Hatton,Richard Mansfield Repertory,"Mar 19, 1906","Mar 19, 1906","Apr 07, 1906",2025-06-26,Creative Team and Performance Data,New Amsterdam Theatre
https://www.ibdb.com/broadway-production/forty-five-minutes-from-broadway-5202,Forty-five Minutes from Broadway,,George M. Cohan,George M. Cohan,Klaw & Erlanger,"Jan 01, 1906","Jan 01, 1906","Mar 17, 1906",2025-06-26,Creative Team and Performance Data,New Amsterdam Theatre
https://www.ibdb.com/broadway-production/the-man-who-was-4993,The Man Who Was,,,Rudyard Kipling,Edward Smith Willard Repertory,"Dec 11, 1905","Dec 11, 1905",Closing date unknown,2025-06-26,Creative Team and Performance Data,New Amsterdam Theatre
https://www.ibdb.com/broadway-production/a-pair-of-spectacles-4994,A Pair of Spectacles,,,Sydney Grundy,Edward Smith Willard Repertory,"Dec 11, 1905","Dec 11, 1905",Closing date unknown,2025-06-26,Creative Team and Performance Data,New Amsterdam Theatre
https://www.ibdb.com/broadway-production/tom-pinch-4995,Tom Pinch,,,J.J. DilleyandL. Clifton,Edward Smith Willard Repertory,"Dec 11, 1905","Dec 11, 1905",Closing date unknown,2025-06-26,Creative Team and Performance Data,New Amsterdam Theatre
https://www.ibdb.com/broadway-production/the-middleman-4996,The Middleman,,,Henry Arthur Jones,Edward Smith Willard Repertory,"Dec 11, 1905","Dec 11, 1905",Closing date unknown,2025-06-26,Creative Team and Performance Data,New Amsterdam Theatre
https://www.ibdb.com/broadway-production/david-garrick-4997,David Garrick,,,Thomas William Robertson,Edward Smith Willard Repertory,"Dec 11, 1905","Dec 11, 1905",Closing date unknown,2025-06-26,Creative Team and Performance Data,New Amsterdam Theatre
https://www.ibdb.com/broadway-production/the-fools-revenge-5443,The Fool's Revenge,,,Tom Taylor,Edward Smith Willard Repertory,"Dec 11, 1905","Dec 11, 1905",Closing date unknown,2025-06-26,Creative Team and Performance Data,New Amsterdam Theatre
https://www.ibdb.com/broadway-production/the-professors-love-story-5444,The Professor's Love Story,,,James M. Barrie,Edward Smith Willard Repertory,"Dec 11, 1905","Dec 11, 1905",Closing date unknown,2025-06-26,Creative Team and Performance Data,New Amsterdam Theatre
https://www.ibdb.com/broadway-production/the-white-cat-4885,The White Cat,,Harry B. Smith,Arthur Collins,Klaw & Erlanger,"Nov 02, 1905","Nov 02, 1905","Dec 09, 1905",2025-06-26,Creative Team and Performance Data,New Amsterdam Theatre
https://www.ibdb.com/broadway-production/miss-dolly-dollars-6110,Miss Dolly Dollars,Al Holbrook,Harry B. Smith,Harry B. Smith,Charles B. Dillingham,"Sep 04, 1905","Sep 04, 1905","Oct 21, 1905",2025-06-26,Creative Team and Performance Data,New Amsterdam Theatre
https://www.ibdb.com/broadway-production/the-prodigal-son-6116,The Prodigal Son,Murray Carson,,Hall Caine,Liebler & Co.,"Sep 04, 1905","Sep 04, 1905",Oct 1905,2025-06-26,Creative Team and Performance Data,New Amsterdam Theatre
https://www.ibdb.com/broadway-production/trilby-6096,Trilby,,,Paul M. Potter,William A. Brady,"May 08, 1905","May 08, 1905",May 1905,2025-06-26,Creative Team and Performance Data,New Amsterdam Theatre
https://www.ibdb.com/broadway-production/she-stoops-to-conquer-6087,She Stoops to Conquer,,,Oliver Goldsmith,Liebler & Co.,"Apr 17, 1905","Apr 17, 1905",May 1905,2025-06-26,Creative Team and Performance Data,New Amsterdam Theatre
https://www.ibdb.com/broadway-production/the-misanthrope-6052,The Misanthrope,,,Molière,Richard Mansfield Repertory,"Apr 10, 1905","Apr 10, 1905","Apr 15, 1905",2025-06-26,Creative Team and Performance Data,New Amsterdam Theatre
https://www.ibdb.com/broadway-production/beau-brummell-6046,Beau Brummell,,,Clyde Fitch,Richard Mansfield Repertory,"Mar 16, 1905","Mar 20, 1905","Apr 08, 1905",2025-06-26,Creative Team and Performance Data,New Amsterdam Theatre
https://www.ibdb.com/broadway-production/king-richard-iii-6047,King Richard III,,,William Shakespeare,Richard Mansfield Repertory,"Mar 20, 1905","Mar 20, 1905","Apr 08, 1905",2025-06-26,Creative Team and Performance Data,New Amsterdam Theatre
https://www.ibdb.com/broadway-production/ivan-the-terrible-6048,Ivan the Terrible,,,Aleksei Tolstoy,Richard Mansfield Repertory,"Mar 20, 1905","Mar 20, 1905","Apr 08, 1905",2025-06-26,Creative Team and Performance Data,New Amsterdam Theatre
https://www.ibdb.com/broadway-production/dr-jekyll-and-mr-hyde-6049,Dr. Jekyll and Mr. Hyde,,,T. R. Sullivan,Richard Mansfield Repertory,"Mar 20, 1905","Mar 20, 1905","Apr 08, 1905",2025-06-26,Creative Team and Performance Data,New Amsterdam Theatre
https://www.ibdb.com/broadway-production/the-merchant-of-venice-6050,The Merchant of Venice,,,William Shakespeare,Richard Mansfield Repertory,"Mar 20, 1905","Mar 20, 1905","Apr 08, 1905",2025-06-26,Creative Team and Performance Data,New Amsterdam Theatre
https://www.ibdb.com/broadway-production/a-parisian-romance-6051,A Parisian Romance,,,Octave Feuillet,Richard Mansfield Repertory,"Mar 20, 1905","Mar 20, 1905","Apr 08, 1905",2025-06-26,Creative Team and Performance Data,New Amsterdam Theatre
https://www.ibdb.com/broadway-production/the-prince-consort-6042,The Prince Consort,,,William BooseyandCosmo Gordon Lennox,Liebler & Co.,"Mar 06, 1905","Mar 06, 1905",Apr 1905,2025-06-26,Creative Team and Performance Data,New Amsterdam Theatre
https://www.ibdb.com/broadway-production/humpty-dumpty-5079,Humpty Dumpty,,"J. W. Johnson,Bob Cole,Rosamond Johnson,J. M. GloverandFrederick Solomon",Arthur CollinsandJ. Hickory Wood,Klaw & Erlanger,"Nov 14, 1904","Nov 14, 1904","Mar 04, 1905",2025-06-26,Creative Team and Performance Data,New Amsterdam Theatre
https://www.ibdb.com/broadway-production/the-sorceress-5018,The Sorceress,,,Victorien Sardou,Charles Frohman,"Oct 10, 1904","Oct 10, 1904",Nov 1904,2025-06-26,Creative Team and Performance Data,New Amsterdam Theatre
https://www.ibdb.com/broadway-production/the-rogers-brothers-in-paris-5909,The Rogers Brothers in Paris,,George V. HobartandEdward Gardenier,John J. McNally,Klaw & Erlanger,"Sep 05, 1904","Sep 05, 1904","Nov 12, 1904",2025-06-26,Creative Team and Performance Data,New Amsterdam Theatre
https://www.ibdb.com/broadway-production/whoop-dee-doo-5743,Whoop-Dee-Doo,,,,,,,,2025-06-26,Creative Team and Performance Data,New Amsterdam Theatre
https://www.ibdb.com/broadway-production/looney-park-5743,Looney Park,,,,,,,,2025-06-26,Creative Team and Performance Data,New Amsterdam Theatre
https://www.ibdb.com/broadway-production/waffles-5743,Waffles,,,,,,,,2025-06-26,Creative Team and Performance Data,New Amsterdam Theatre
https://www.ibdb.com/broadway-production/catherine-5743,Catherine,,,,,,,,2025-06-26,Creative Team and Performance Data,New Amsterdam Theatre
https://www.ibdb.com/broadway-production/the-two-orphans-5861,The Two Orphans,,,Adolphe D'EnneryandEugene Cormon,,"Mar 28, 1904","Mar 28, 1904",May 1904,2025-06-26,Creative Team and Performance Data,New Amsterdam Theatre
https://www.ibdb.com/broadway-production/ivan-the-terrible-5849,Ivan the Terrible,,,Aleksei Tolstoy,Richard Mansfield,"Mar 17, 1904","Mar 17, 1904",Closing date unknown,2025-06-26,Creative Team and Performance Data,New Amsterdam Theatre
https://www.ibdb.com/broadway-production/old-heidelberg-5850,Old Heidelberg,,,,Richard Mansfield,"Mar 17, 1904","Mar 17, 1904",Closing date unknown,2025-06-26,Creative Team and Performance Data,New Amsterdam Theatre
https://www.ibdb.com/broadway-production/beau-brummell-5851,Beau Brummell,,,Clyde Fitch,Richard Mansfield,"Mar 17, 1904","Mar 17, 1904",Closing date unknown,2025-06-26,Creative Team and Performance Data,New Amsterdam Theatre
https://www.ibdb.com/broadway-production/a-parisian-romance-5852,A Parisian Romance,,,Octave Feuillet,Richard Mansfield,"Mar 17, 1904","Mar 17, 1904",Closing date unknown,2025-06-26,Creative Team and Performance Data,New Amsterdam Theatre
https://www.ibdb.com/broadway-production/beaucaire-5853,Beaucaire,,,Booth TarkingtonandEvelyn Greenleaf Sutherland,Richard Mansfield,"Mar 17, 1904","Mar 17, 1904",Closing date unknown,2025-06-26,Creative Team and Performance Data,New Amsterdam Theatre
https://www.ibdb.com/broadway-production/dr-jekyll-and-mr-hyde-5854,Dr. Jekyll and Mr. Hyde,,,Robert Louis Stevenson,Richard Mansfield,"Mar 17, 1904","Mar 17, 1904",Closing date unknown,2025-06-26,Creative Team and Performance Data,New Amsterdam Theatre
https://www.ibdb.com/broadway-production/ivan-the-terrible-5848,Ivan the Terrible,,,Aleksei Tolstoy,Richard Mansfield,"Mar 01, 1904","Mar 01, 1904",Mar 1904,2025-06-26,Creative Team and Performance Data,New Amsterdam Theatre
https://www.ibdb.com/broadway-production/mother-goose-5791,Mother Goose,Ned WayburnandHerbert Gresham,George V. Hobart,John J. McNally,Klaw & Erlanger,"Dec 02, 1903","Dec 02, 1903","Feb 27, 1904",2025-06-26,Creative Team and Performance Data,New Amsterdam Theatre
https://www.ibdb.com/broadway-production/her-own-way-5748,Her Own Way,,,Clyde Fitch,Charles Dillingham,"Sep 28, 1903","Sep 28, 1903",Dec 1903,2025-06-26,Creative Team and Performance Data,New Amsterdam Theatre
https://www.ibdb.com/broadway-production/a-midsummer-nights-dream-4923,A Midsummer Night's Dream,Herbert GreshamandEdmund D. Lyons,,William Shakespeare,Klaw & Erlanger,"Oct 26, 1903","Oct 26, 1903",Nov 1903,2025-06-26,Creative Team and Performance Data,New Amsterdam Theatre
